"","date","away","home","request"
"1","2015-10-07","MTL","TOR","20151007-MTL-TOR"
"2","2015-10-07","NYR","CHI","20151007-NYR-CHI"
"3","2015-10-07","VAN","CGY","20151007-VAN-CGY"
"4","2015-10-07","SJS","LAK","20151007-SJS-LAK"
"5","2015-10-08","WPJ","BOS","20151008-WPJ-BOS"
"6","2015-10-08","OTT","BUF","20151008-OTT-BUF"
"7","2015-10-08","PHI","TBL","20151008-PHI-TBL"
"8","2015-10-08","CAR","NSH","20151008-CAR-NSH"
"9","2015-10-08","EDM","STL","20151008-EDM-STL"
"10","2015-10-08","PIT","DAL","20151008-PIT-DAL"
"11","2015-10-08","MIN","COL","20151008-MIN-COL"
"12","2015-10-09","NYR","CBJ","20151009-NYR-CBJ"
"13","2015-10-09","WPJ","NJD","20151009-WPJ-NJD"
"14","2015-10-09","TOR","DET","20151009-TOR-DET"
"15","2015-10-09","CHI","NYI","20151009-CHI-NYI"
"16","2015-10-09","ARI","LAK","20151009-ARI-LAK"
"17","2015-10-10","TBL","BUF","20151010-TBL-BUF"
"18","2015-10-10","DET","CAR","20151010-DET-CAR"
"19","2015-10-10","PHI","FLO","20151010-PHI-FLO"
"20","2015-10-10","CBJ","NYR","20151010-CBJ-NYR"
"21","2015-10-10","NJD","WSH","20151010-NJD-WSH"
"22","2015-10-10","MTL","BOS","20151010-MTL-BOS"
"23","2015-10-10","OTT","TOR","20151010-OTT-TOR"
"24","2015-10-10","EDM","NSH","20151010-EDM-NSH"
"25","2015-10-10","STL","MIN","20151010-STL-MIN"
"26","2015-10-10","NYI","CHI","20151010-NYI-CHI"
"27","2015-10-10","DAL","COL","20151010-DAL-COL"
"28","2015-10-10","PIT","ARI","20151010-PIT-ARI"
"29","2015-10-10","CGY","VAN","20151010-CGY-VAN"
"30","2015-10-10","ANA","SJS","20151010-ANA-SJS"
"31","2015-10-11","MTL","OTT","20151011-MTL-OTT"
"32","2015-10-12","TBL","BOS","20151012-TBL-BOS"
"33","2015-10-12","WPJ","NYI","20151012-WPJ-NYI"
"34","2015-10-12","CBJ","BUF","20151012-CBJ-BUF"
"35","2015-10-12","FLO","PHI","20151012-FLO-PHI"
"36","2015-10-12","VAN","ANA","20151012-VAN-ANA"
"37","2015-10-13","MTL","PIT","20151013-MTL-PIT"
"38","2015-10-13","NSH","NJD","20151013-NSH-NJD"
"39","2015-10-13","WPJ","NYR","20151013-WPJ-NYR"
"40","2015-10-13","SJS","WSH","20151013-SJS-WSH"
"41","2015-10-13","FLO","CAR","20151013-FLO-CAR"
"42","2015-10-13","TBL","DET","20151013-TBL-DET"
"43","2015-10-13","EDM","DAL","20151013-EDM-DAL"
"44","2015-10-13","STL","CGY","20151013-STL-CGY"
"45","2015-10-13","VAN","LAK","20151013-VAN-LAK"
"46","2015-10-14","OTT","CBJ","20151014-OTT-CBJ"
"47","2015-10-14","CHI","PHI","20151014-CHI-PHI"
"48","2015-10-14","BOS","COL","20151014-BOS-COL"
"49","2015-10-14","ARI","ANA","20151014-ARI-ANA"
"50","2015-10-15","NSH","NYI","20151015-NSH-NYI"
"51","2015-10-15","OTT","PIT","20151015-OTT-PIT"
"52","2015-10-15","CHI","WSH","20151015-CHI-WSH"
"53","2015-10-15","NYR","MTL","20151015-NYR-MTL"
"54","2015-10-15","DAL","TBL","20151015-DAL-TBL"
"55","2015-10-15","BUF","FLO","20151015-BUF-FLO"
"56","2015-10-15","STL","EDM","20151015-STL-EDM"
"57","2015-10-15","MIN","ARI","20151015-MIN-ARI"
"58","2015-10-16","SJS","NJD","20151016-SJS-NJD"
"59","2015-10-16","TOR","CBJ","20151016-TOR-CBJ"
"60","2015-10-16","CAR","DET","20151016-CAR-DET"
"61","2015-10-16","CGY","WPJ","20151016-CGY-WPJ"
"62","2015-10-16","STL","VAN","20151016-STL-VAN"
"63","2015-10-16","COL","ANA","20151016-COL-ANA"
"64","2015-10-16","MIN","LAK","20151016-MIN-LAK"
"65","2015-10-17","DET","MTL","20151017-DET-MTL"
"66","2015-10-17","NSH","OTT","20151017-NSH-OTT"
"67","2015-10-17","BUF","TBL","20151017-BUF-TBL"
"68","2015-10-17","DAL","FLO","20151017-DAL-FLO"
"69","2015-10-17","TOR","PIT","20151017-TOR-PIT"
"70","2015-10-17","CAR","WSH","20151017-CAR-WSH"
"71","2015-10-17","SJS","NYI","20151017-SJS-NYI"
"72","2015-10-17","CBJ","CHI","20151017-CBJ-CHI"
"73","2015-10-17","EDM","CGY","20151017-EDM-CGY"
"74","2015-10-17","BOS","ARI","20151017-BOS-ARI"
"75","2015-10-18","NJD","NYR","20151018-NJD-NYR"
"76","2015-10-18","STL","WPJ","20151018-STL-WPJ"
"77","2015-10-18","MIN","ANA","20151018-MIN-ANA"
"78","2015-10-18","EDM","VAN","20151018-EDM-VAN"
"79","2015-10-18","COL","LAK","20151018-COL-LAK"
"80","2015-10-19","SJS","NYR","20151019-SJS-NYR"
"81","2015-10-20","ARI","NJD","20151020-ARI-NJD"
"82","2015-10-20","DAL","PHI","20151020-DAL-PHI"
"83","2015-10-20","FLO","PIT","20151020-FLO-PIT"
"84","2015-10-20","NYI","CBJ","20151020-NYI-CBJ"
"85","2015-10-20","STL","MTL","20151020-STL-MTL"
"86","2015-10-20","TBL","NSH","20151020-TBL-NSH"
"87","2015-10-20","WSH","CGY","20151020-WSH-CGY"
"88","2015-10-21","TOR","BUF","20151021-TOR-BUF"
"89","2015-10-21","PHI","BOS","20151021-PHI-BOS"
"90","2015-10-21","DET","EDM","20151021-DET-EDM"
"91","2015-10-21","CAR","COL","20151021-CAR-COL"
"92","2015-10-22","ARI","NYR","20151022-ARI-NYR"
"93","2015-10-22","DAL","PIT","20151022-DAL-PIT"
"94","2015-10-22","NJD","OTT","20151022-NJD-OTT"
"95","2015-10-22","ANA","NSH","20151022-ANA-NSH"
"96","2015-10-22","CBJ","MIN","20151022-CBJ-MIN"
"97","2015-10-22","FLO","CHI","20151022-FLO-CHI"
"98","2015-10-22","WSH","VAN","20151022-WSH-VAN"
"99","2015-10-22","LAK","SJS","20151022-LAK-SJS"
"100","2015-10-23","MTL","BUF","20151023-MTL-BUF"
"101","2015-10-23","BOS","NYI","20151023-BOS-NYI"
"102","2015-10-23","TBL","WPJ","20151023-TBL-WPJ"
"103","2015-10-23","DET","CGY","20151023-DET-CGY"
"104","2015-10-23","WSH","EDM","20151023-WSH-EDM"
"105","2015-10-23","CAR","LAK","20151023-CAR-LAK"
"106","2015-10-24","ANA","MIN","20151024-ANA-MIN"
"107","2015-10-24","NJD","BUF","20151024-NJD-BUF"
"108","2015-10-24","TOR","MTL","20151024-TOR-MTL"
"109","2015-10-24","ARI","OTT","20151024-ARI-OTT"
"110","2015-10-24","NYR","PHI","20151024-NYR-PHI"
"111","2015-10-24","NYI","STL","20151024-NYI-STL"
"112","2015-10-24","PIT","NSH","20151024-PIT-NSH"
"113","2015-10-24","FLO","DAL","20151024-FLO-DAL"
"114","2015-10-24","TBL","CHI","20151024-TBL-CHI"
"115","2015-10-24","CBJ","COL","20151024-CBJ-COL"
"116","2015-10-24","DET","VAN","20151024-DET-VAN"
"117","2015-10-24","CAR","SJS","20151024-CAR-SJS"
"118","2015-10-25","MIN","WPJ","20151025-MIN-WPJ"
"119","2015-10-25","CGY","NYR","20151025-CGY-NYR"
"120","2015-10-25","LAK","EDM","20151025-LAK-EDM"
"121","2015-10-26","CGY","NYI","20151026-CGY-NYI"
"122","2015-10-26","ARI","TOR","20151026-ARI-TOR"
"123","2015-10-26","ANA","CHI","20151026-ANA-CHI"
"124","2015-10-27","ARI","BOS","20151027-ARI-BOS"
"125","2015-10-27","CBJ","NJD","20151027-CBJ-NJD"
"126","2015-10-27","BUF","PHI","20151027-BUF-PHI"
"127","2015-10-27","CAR","DET","20151027-CAR-DET"
"128","2015-10-27","COL","FLO","20151027-COL-FLO"
"129","2015-10-27","TBL","STL","20151027-TBL-STL"
"130","2015-10-27","EDM","MIN","20151027-EDM-MIN"
"131","2015-10-27","LAK","WPJ","20151027-LAK-WPJ"
"132","2015-10-27","ANA","DAL","20151027-ANA-DAL"
"133","2015-10-27","MTL","VAN","20151027-MTL-VAN"
"134","2015-10-28","CGY","OTT","20151028-CGY-OTT"
"135","2015-10-28","PIT","WSH","20151028-PIT-WSH"
"136","2015-10-28","NSH","SJS","20151028-NSH-SJS"
"137","2015-10-29","CAR","NYI","20151029-CAR-NYI"
"138","2015-10-29","NJD","PHI","20151029-NJD-PHI"
"139","2015-10-29","BUF","PIT","20151029-BUF-PIT"
"140","2015-10-29","COL","TBL","20151029-COL-TBL"
"141","2015-10-29","ANA","STL","20151029-ANA-STL"
"142","2015-10-29","CHI","WPJ","20151029-CHI-WPJ"
"143","2015-10-29","VAN","DAL","20151029-VAN-DAL"
"144","2015-10-29","MTL","EDM","20151029-MTL-EDM"
"145","2015-10-30","PHI","BUF","20151030-PHI-BUF"
"146","2015-10-30","TOR","NYR","20151030-TOR-NYR"
"147","2015-10-30","CBJ","WSH","20151030-CBJ-WSH"
"148","2015-10-30","COL","CAR","20151030-COL-CAR"
"149","2015-10-30","OTT","DET","20151030-OTT-DET"
"150","2015-10-30","BOS","FLO","20151030-BOS-FLO"
"151","2015-10-30","CHI","MIN","20151030-CHI-MIN"
"152","2015-10-30","MTL","CGY","20151030-MTL-CGY"
"153","2015-10-30","VAN","ARI","20151030-VAN-ARI"
"154","2015-10-31","NYI","NJD","20151031-NYI-NJD"
"155","2015-10-31","SJS","DAL","20151031-SJS-DAL"
"156","2015-10-31","NSH","LAK","20151031-NSH-LAK"
"157","2015-10-31","PIT","TOR","20151031-PIT-TOR"
"158","2015-10-31","DET","OTT","20151031-DET-OTT"
"159","2015-10-31","BOS","TBL","20151031-BOS-TBL"
"160","2015-10-31","WSH","FLO","20151031-WSH-FLO"
"161","2015-10-31","WPJ","CBJ","20151031-WPJ-CBJ"
"162","2015-10-31","MIN","STL","20151031-MIN-STL"
"163","2015-10-31","CGY","EDM","20151031-CGY-EDM"
"164","2015-11-01","SJS","COL","20151101-SJS-COL"
"165","2015-11-01","TBL","CAR","20151101-TBL-CAR"
"166","2015-11-01","WPJ","MTL","20151101-WPJ-MTL"
"167","2015-11-01","BUF","NYI","20151101-BUF-NYI"
"168","2015-11-01","NSH","ANA","20151101-NSH-ANA"
"169","2015-11-02","DAL","TOR","20151102-DAL-TOR"
"170","2015-11-02","LAK","CHI","20151102-LAK-CHI"
"171","2015-11-02","PHI","VAN","20151102-PHI-VAN"
"172","2015-11-03","DAL","BOS","20151103-DAL-BOS"
"173","2015-11-03","NJD","NYI","20151103-NJD-NYI"
"174","2015-11-03","WSH","NYR","20151103-WSH-NYR"
"175","2015-11-03","OTT","MTL","20151103-OTT-MTL"
"176","2015-11-03","TBL","DET","20151103-TBL-DET"
"177","2015-11-03","LAK","STL","20151103-LAK-STL"
"178","2015-11-03","CGY","COL","20151103-CGY-COL"
"179","2015-11-03","PHI","EDM","20151103-PHI-EDM"
"180","2015-11-03","CBJ","SJS","20151103-CBJ-SJS"
"181","2015-11-04","WPJ","TOR","20151104-WPJ-TOR"
"182","2015-11-04","STL","CHI","20151104-STL-CHI"
"183","2015-11-04","PIT","VAN","20151104-PIT-VAN"
"184","2015-11-04","FLO","ANA","20151104-FLO-ANA"
"185","2015-11-05","TBL","BUF","20151105-TBL-BUF"
"186","2015-11-05","BOS","WSH","20151105-BOS-WSH"
"187","2015-11-05","NYI","MTL","20151105-NYI-MTL"
"188","2015-11-05","WPJ","OTT","20151105-WPJ-OTT"
"189","2015-11-05","NSH","MIN","20151105-NSH-MIN"
"190","2015-11-05","PHI","CGY","20151105-PHI-CGY"
"191","2015-11-05","COL","ARI","20151105-COL-ARI"
"192","2015-11-05","CBJ","LAK","20151105-CBJ-LAK"
"193","2015-11-05","FLO","SJS","20151105-FLO-SJS"
"194","2015-11-06","DET","TOR","20151106-DET-TOR"
"195","2015-11-06","CHI","NJD","20151106-CHI-NJD"
"196","2015-11-06","DAL","CAR","20151106-DAL-CAR"
"197","2015-11-06","NYR","COL","20151106-NYR-COL"
"198","2015-11-06","PIT","EDM","20151106-PIT-EDM"
"199","2015-11-06","CBJ","ANA","20151106-CBJ-ANA"
"200","2015-11-07","VAN","BUF","20151107-VAN-BUF"
"201","2015-11-07","FLO","LAK","20151107-FLO-LAK"
"202","2015-11-07","BOS","MTL","20151107-BOS-MTL"
"203","2015-11-07","TOR","WSH","20151107-TOR-WSH"
"204","2015-11-07","OTT","CAR","20151107-OTT-CAR"
"205","2015-11-07","PHI","WPJ","20151107-PHI-WPJ"
"206","2015-11-07","STL","NSH","20151107-STL-NSH"
"207","2015-11-07","TBL","MIN","20151107-TBL-MIN"
"208","2015-11-07","NYR","ARI","20151107-NYR-ARI"
"209","2015-11-07","PIT","CGY","20151107-PIT-CGY"
"210","2015-11-07","ANA","SJS","20151107-ANA-SJS"
"211","2015-11-08","DAL","DET","20151108-DAL-DET"
"212","2015-11-08","VAN","NJD","20151108-VAN-NJD"
"213","2015-11-08","BOS","NYI","20151108-BOS-NYI"
"214","2015-11-08","EDM","CHI","20151108-EDM-CHI"
"215","2015-11-09","ARI","ANA","20151109-ARI-ANA"
"216","2015-11-10","STL","NJD","20151110-STL-NJD"
"217","2015-11-10","CAR","NYR","20151110-CAR-NYR"
"218","2015-11-10","COL","PHI","20151110-COL-PHI"
"219","2015-11-10","VAN","CBJ","20151110-VAN-CBJ"
"220","2015-11-10","WSH","DET","20151110-WSH-DET"
"221","2015-11-10","BUF","TBL","20151110-BUF-TBL"
"222","2015-11-10","CGY","FLO","20151110-CGY-FLO"
"223","2015-11-10","OTT","NSH","20151110-OTT-NSH"
"224","2015-11-10","WPJ","MIN","20151110-WPJ-MIN"
"225","2015-11-10","TOR","DAL","20151110-TOR-DAL"
"226","2015-11-10","ARI","LAK","20151110-ARI-LAK"
"227","2015-11-10","NYI","SJS","20151110-NYI-SJS"
"228","2015-11-11","MTL","PIT","20151111-MTL-PIT"
"229","2015-11-11","EDM","ANA","20151111-EDM-ANA"
"230","2015-11-12","COL","BOS","20151112-COL-BOS"
"231","2015-11-12","STL","NYR","20151112-STL-NYR"
"232","2015-11-12","WSH","PHI","20151112-WSH-PHI"
"233","2015-11-12","MIN","CAR","20151112-MIN-CAR"
"234","2015-11-12","VAN","OTT","20151112-VAN-OTT"
"235","2015-11-12","CGY","TBL","20151112-CGY-TBL"
"236","2015-11-12","BUF","FLO","20151112-BUF-FLO"
"237","2015-11-12","TOR","NSH","20151112-TOR-NSH"
"238","2015-11-12","NJD","CHI","20151112-NJD-CHI"
"239","2015-11-12","WPJ","DAL","20151112-WPJ-DAL"
"240","2015-11-12","EDM","ARI","20151112-EDM-ARI"
"241","2015-11-12","NYI","LAK","20151112-NYI-LAK"
"242","2015-11-13","CBJ","PIT","20151113-CBJ-PIT"
"243","2015-11-13","CGY","WSH","20151113-CGY-WSH"
"244","2015-11-13","SJS","DET","20151113-SJS-DET"
"245","2015-11-13","NYI","ANA","20151113-NYI-ANA"
"246","2015-11-14","NYR","OTT","20151114-NYR-OTT"
"247","2015-11-14","DET","BOS","20151114-DET-BOS"
"248","2015-11-14","SJS","BUF","20151114-SJS-BUF"
"249","2015-11-14","VAN","TOR","20151114-VAN-TOR"
"250","2015-11-14","COL","MTL","20151114-COL-MTL"
"251","2015-11-14","FLO","TBL","20151114-FLO-TBL"
"252","2015-11-14","PIT","NJD","20151114-PIT-NJD"
"253","2015-11-14","PHI","CAR","20151114-PHI-CAR"
"254","2015-11-14","ARI","CBJ","20151114-ARI-CBJ"
"255","2015-11-14","WPJ","NSH","20151114-WPJ-NSH"
"256","2015-11-14","CHI","STL","20151114-CHI-STL"
"257","2015-11-14","MIN","DAL","20151114-MIN-DAL"
"258","2015-11-14","EDM","LAK","20151114-EDM-LAK"
"259","2015-11-15","TOR","NYR","20151115-TOR-NYR"
"260","2015-11-15","CGY","CHI","20151115-CGY-CHI"
"261","2015-11-16","ARI","NYI","20151116-ARI-NYI"
"262","2015-11-16","ANA","CAR","20151116-ANA-CAR"
"263","2015-11-16","VAN","MTL","20151116-VAN-MTL"
"264","2015-11-16","DET","OTT","20151116-DET-OTT"
"265","2015-11-16","TBL","FLO","20151116-TBL-FLO"
"266","2015-11-16","WPJ","STL","20151116-WPJ-STL"
"267","2015-11-17","SJS","BOS","20151117-SJS-BOS"
"268","2015-11-17","DAL","BUF","20151117-DAL-BUF"
"269","2015-11-17","LAK","PHI","20151117-LAK-PHI"
"270","2015-11-17","MIN","PIT","20151117-MIN-PIT"
"271","2015-11-17","STL","CBJ","20151117-STL-CBJ"
"272","2015-11-17","COL","TOR","20151117-COL-TOR"
"273","2015-11-17","ANA","NSH","20151117-ANA-NSH"
"274","2015-11-17","NJD","CGY","20151117-NJD-CGY"
"275","2015-11-18","VAN","WPJ","20151118-VAN-WPJ"
"276","2015-11-18","WSH","DET","20151118-WSH-DET"
"277","2015-11-18","CHI","EDM","20151118-CHI-EDM"
"278","2015-11-19","MIN","BOS","20151119-MIN-BOS"
"279","2015-11-19","SJS","PHI","20151119-SJS-PHI"
"280","2015-11-19","COL","PIT","20151119-COL-PIT"
"281","2015-11-19","DAL","WSH","20151119-DAL-WSH"
"282","2015-11-19","ARI","MTL","20151119-ARI-MTL"
"283","2015-11-19","CBJ","OTT","20151119-CBJ-OTT"
"284","2015-11-19","NYR","TBL","20151119-NYR-TBL"
"285","2015-11-19","ANA","FLO","20151119-ANA-FLO"
"286","2015-11-19","BUF","STL","20151119-BUF-STL"
"287","2015-11-20","TOR","CAR","20151120-TOR-CAR"
"288","2015-11-20","NSH","CBJ","20151120-NSH-CBJ"
"289","2015-11-20","LAK","DET","20151120-LAK-DET"
"290","2015-11-20","MTL","NYI","20151120-MTL-NYI"
"291","2015-11-20","CHI","CGY","20151120-CHI-CGY"
"292","2015-11-20","NJD","EDM","20151120-NJD-EDM"
"293","2015-11-21","TOR","BOS","20151121-TOR-BOS"
"294","2015-11-21","PHI","OTT","20151121-PHI-OTT"
"295","2015-11-21","ANA","TBL","20151121-ANA-TBL"
"296","2015-11-21","NYR","FLO","20151121-NYR-FLO"
"297","2015-11-21","SJS","PIT","20151121-SJS-PIT"
"298","2015-11-21","COL","WSH","20151121-COL-WSH"
"299","2015-11-21","ARI","WPJ","20151121-ARI-WPJ"
"300","2015-11-21","DET","STL","20151121-DET-STL"
"301","2015-11-21","BUF","DAL","20151121-BUF-DAL"
"302","2015-11-21","NSH","MIN","20151121-NSH-MIN"
"303","2015-11-21","CHI","VAN","20151121-CHI-VAN"
"304","2015-11-22","LAK","CAR","20151122-LAK-CAR"
"305","2015-11-22","SJS","CBJ","20151122-SJS-CBJ"
"306","2015-11-22","NYI","MTL","20151122-NYI-MTL"
"307","2015-11-22","NJD","VAN","20151122-NJD-VAN"
"308","2015-11-23","STL","BUF","20151123-STL-BUF"
"309","2015-11-23","NSH","NYR","20151123-NSH-NYR"
"310","2015-11-23","CAR","PHI","20151123-CAR-PHI"
"311","2015-11-23","EDM","WSH","20151123-EDM-WSH"
"312","2015-11-23","BOS","TOR","20151123-BOS-TOR"
"313","2015-11-23","LAK","FLO","20151123-LAK-FLO"
"314","2015-11-23","COL","WPJ","20151123-COL-WPJ"
"315","2015-11-24","OTT","DAL","20151124-OTT-DAL"
"316","2015-11-24","CGY","ANA","20151124-CGY-ANA"
"317","2015-11-25","NSH","BUF","20151125-NSH-BUF"
"318","2015-11-25","CBJ","NJD","20151125-CBJ-NJD"
"319","2015-11-25","PHI","NYI","20151125-PHI-NYI"
"320","2015-11-25","MTL","NYR","20151125-MTL-NYR"
"321","2015-11-25","STL","PIT","20151125-STL-PIT"
"322","2015-11-25","WPJ","WSH","20151125-WPJ-WSH"
"323","2015-11-25","EDM","CAR","20151125-EDM-CAR"
"324","2015-11-25","VAN","MIN","20151125-VAN-MIN"
"325","2015-11-25","BOS","DET","20151125-BOS-DET"
"326","2015-11-25","LAK","TBL","20151125-LAK-TBL"
"327","2015-11-25","ANA","ARI","20151125-ANA-ARI"
"328","2015-11-25","OTT","COL","20151125-OTT-COL"
"329","2015-11-25","CHI","SJS","20151125-CHI-SJS"
"330","2015-11-27","NYR","BOS","20151127-NYR-BOS"
"331","2015-11-27","NSH","PHI","20151127-NSH-PHI"
"332","2015-11-27","WPJ","MIN","20151127-WPJ-MIN"
"333","2015-11-27","CHI","ANA","20151127-CHI-ANA"
"334","2015-11-27","TBL","WSH","20151127-TBL-WSH"
"335","2015-11-27","CAR","BUF","20151127-CAR-BUF"
"336","2015-11-27","MTL","NJD","20151127-MTL-NJD"
"337","2015-11-27","PIT","CBJ","20151127-PIT-CBJ"
"338","2015-11-27","EDM","DET","20151127-EDM-DET"
"339","2015-11-27","NYI","FLO","20151127-NYI-FLO"
"340","2015-11-27","VAN","DAL","20151127-VAN-DAL"
"341","2015-11-27","CGY","ARI","20151127-CGY-ARI"
"342","2015-11-28","PHI","NYR","20151128-PHI-NYR"
"343","2015-11-28","WSH","TOR","20151128-WSH-TOR"
"344","2015-11-28","NJD","MTL","20151128-NJD-MTL"
"345","2015-11-28","NYI","TBL","20151128-NYI-TBL"
"346","2015-11-28","EDM","PIT","20151128-EDM-PIT"
"347","2015-11-28","CBJ","STL","20151128-CBJ-STL"
"348","2015-11-28","BUF","NSH","20151128-BUF-NSH"
"349","2015-11-28","DAL","MIN","20151128-DAL-MIN"
"350","2015-11-28","WPJ","COL","20151128-WPJ-COL"
"351","2015-11-28","OTT","ARI","20151128-OTT-ARI"
"352","2015-11-28","CGY","SJS","20151128-CGY-SJS"
"353","2015-11-28","CHI","LAK","20151128-CHI-LAK"
"354","2015-11-29","FLO","DET","20151129-FLO-DET"
"355","2015-11-30","COL","NYI","20151130-COL-NYI"
"356","2015-11-30","CAR","NYR","20151130-CAR-NYR"
"357","2015-11-30","EDM","TOR","20151130-EDM-TOR"
"358","2015-11-30","VAN","ANA","20151130-VAN-ANA"
"359","2015-12-01","COL","NJD","20151201-COL-NJD"
"360","2015-12-01","CBJ","MTL","20151201-CBJ-MTL"
"361","2015-12-01","PHI","OTT","20151201-PHI-OTT"
"362","2015-12-01","BUF","DET","20151201-BUF-DET"
"363","2015-12-01","FLO","STL","20151201-FLO-STL"
"364","2015-12-01","ARI","NSH","20151201-ARI-NSH"
"365","2015-12-01","MIN","CHI","20151201-MIN-CHI"
"366","2015-12-01","DAL","CGY","20151201-DAL-CGY"
"367","2015-12-01","VAN","LAK","20151201-VAN-LAK"
"368","2015-12-01","PIT","SJS","20151201-PIT-SJS"
"369","2015-12-02","TOR","WPJ","20151202-TOR-WPJ"
"370","2015-12-02","NYR","NYI","20151202-NYR-NYI"
"371","2015-12-02","BOS","EDM","20151202-BOS-EDM"
"372","2015-12-02","TBL","ANA","20151202-TBL-ANA"
"373","2015-12-03","COL","NYR","20151203-COL-NYR"
"374","2015-12-03","NJD","CAR","20151203-NJD-CAR"
"375","2015-12-03","WSH","MTL","20151203-WSH-MTL"
"376","2015-12-03","CHI","OTT","20151203-CHI-OTT"
"377","2015-12-03","ARI","DET","20151203-ARI-DET"
"378","2015-12-03","FLO","NSH","20151203-FLO-NSH"
"379","2015-12-03","TOR","MIN","20151203-TOR-MIN"
"380","2015-12-03","DAL","VAN","20151203-DAL-VAN"
"381","2015-12-04","ARI","BUF","20151204-ARI-BUF"
"382","2015-12-04","PHI","NJD","20151204-PHI-NJD"
"383","2015-12-04","FLO","CBJ","20151204-FLO-CBJ"
"384","2015-12-04","STL","NYI","20151204-STL-NYI"
"385","2015-12-04","BOS","CGY","20151204-BOS-CGY"
"386","2015-12-04","DAL","EDM","20151204-DAL-EDM"
"387","2015-12-04","SJS","ANA","20151204-SJS-ANA"
"388","2015-12-05","WSH","WPJ","20151205-WSH-WPJ"
"389","2015-12-05","PIT","LAK","20151205-PIT-LAK"
"390","2015-12-05","NYI","OTT","20151205-NYI-OTT"
"391","2015-12-05","NSH","DET","20151205-NSH-DET"
"392","2015-12-05","MTL","CAR","20151205-MTL-CAR"
"393","2015-12-05","TOR","STL","20151205-TOR-STL"
"394","2015-12-05","CBJ","PHI","20151205-CBJ-PHI"
"395","2015-12-05","COL","MIN","20151205-COL-MIN"
"396","2015-12-05","BOS","VAN","20151205-BOS-VAN"
"397","2015-12-05","TBL","SJS","20151205-TBL-SJS"
"398","2015-12-06","ARI","CAR","20151206-ARI-CAR"
"399","2015-12-06","WPJ","CHI","20151206-WPJ-CHI"
"400","2015-12-06","FLO","NJD","20151206-FLO-NJD"
"401","2015-12-06","OTT","NYR","20151206-OTT-NYR"
"402","2015-12-06","BUF","EDM","20151206-BUF-EDM"
"403","2015-12-06","PIT","ANA","20151206-PIT-ANA"
"404","2015-12-06","TBL","LAK","20151206-TBL-LAK"
"405","2015-12-07","NSH","BOS","20151207-NSH-BOS"
"406","2015-12-07","MIN","COL","20151207-MIN-COL"
"407","2015-12-07","BUF","VAN","20151207-BUF-VAN"
"408","2015-12-08","NYI","PHI","20151208-NYI-PHI"
"409","2015-12-08","DET","WSH","20151208-DET-WSH"
"410","2015-12-08","LAK","CBJ","20151208-LAK-CBJ"
"411","2015-12-08","NJD","TOR","20151208-NJD-TOR"
"412","2015-12-08","OTT","FLO","20151208-OTT-FLO"
"413","2015-12-08","ARI","STL","20151208-ARI-STL"
"414","2015-12-08","NSH","CHI","20151208-NSH-CHI"
"415","2015-12-08","CAR","DAL","20151208-CAR-DAL"
"416","2015-12-08","SJS","CGY","20151208-SJS-CGY"
"417","2015-12-09","BOS","MTL","20151209-BOS-MTL"
"418","2015-12-09","SJS","EDM","20151209-SJS-EDM"
"419","2015-12-09","PIT","COL","20151209-PIT-COL"
"420","2015-12-09","NYR","VAN","20151209-NYR-VAN"
"421","2015-12-10","MTL","DET","20151210-MTL-DET"
"422","2015-12-10","OTT","TBL","20151210-OTT-TBL"
"423","2015-12-10","WSH","FLO","20151210-WSH-FLO"
"424","2015-12-10","PHI","STL","20151210-PHI-STL"
"425","2015-12-10","CHI","NSH","20151210-CHI-NSH"
"426","2015-12-10","CBJ","WPJ","20151210-CBJ-WPJ"
"427","2015-12-10","BUF","CGY","20151210-BUF-CGY"
"428","2015-12-11","DET","NJD","20151211-DET-NJD"
"429","2015-12-11","LAK","PIT","20151211-LAK-PIT"
"430","2015-12-11","WPJ","CHI","20151211-WPJ-CHI"
"431","2015-12-11","PHI","DAL","20151211-PHI-DAL"
"432","2015-12-11","NYR","EDM","20151211-NYR-EDM"
"433","2015-12-11","MIN","ARI","20151211-MIN-ARI"
"434","2015-12-11","CAR","ANA","20151211-CAR-ANA"
"435","2015-12-12","FLO","BOS","20151212-FLO-BOS"
"436","2015-12-12","LAK","BUF","20151212-LAK-BUF"
"437","2015-12-12","OTT","MTL","20151212-OTT-MTL"
"438","2015-12-12","WSH","TBL","20151212-WSH-TBL"
"439","2015-12-12","NYI","CBJ","20151212-NYI-CBJ"
"440","2015-12-12","DAL","STL","20151212-DAL-STL"
"441","2015-12-12","COL","NSH","20151212-COL-NSH"
"442","2015-12-12","CAR","ARI","20151212-CAR-ARI"
"443","2015-12-12","NYR","CGY","20151212-NYR-CGY"
"444","2015-12-12","MIN","SJS","20151212-MIN-SJS"
"445","2015-12-13","NJD","NYI","20151213-NJD-NYI"
"446","2015-12-13","COL","STL","20151213-COL-STL"
"447","2015-12-13","VAN","CHI","20151213-VAN-CHI"
"448","2015-12-14","EDM","BOS","20151214-EDM-BOS"
"449","2015-12-14","WSH","PIT","20151214-WSH-PIT"
"450","2015-12-14","TBL","CBJ","20151214-TBL-CBJ"
"451","2015-12-14","LAK","OTT","20151214-LAK-OTT"
"452","2015-12-14","BUF","DET","20151214-BUF-DET"
"453","2015-12-15","NJD","BUF","20151215-NJD-BUF"
"454","2015-12-15","FLO","NYI","20151215-FLO-NYI"
"455","2015-12-15","EDM","NYR","20151215-EDM-NYR"
"456","2015-12-15","CAR","PHI","20151215-CAR-PHI"
"457","2015-12-15","TBL","TOR","20151215-TBL-TOR"
"458","2015-12-15","SJS","MTL","20151215-SJS-MTL"
"459","2015-12-15","CGY","NSH","20151215-CGY-NSH"
"460","2015-12-15","VAN","MIN","20151215-VAN-MIN"
"461","2015-12-15","STL","WPJ","20151215-STL-WPJ"
"462","2015-12-15","COL","CHI","20151215-COL-CHI"
"463","2015-12-15","CBJ","DAL","20151215-CBJ-DAL"
"464","2015-12-16","OTT","WSH","20151216-OTT-WSH"
"465","2015-12-16","PIT","BOS","20151216-PIT-BOS"
"466","2015-12-17","ANA","BUF","20151217-ANA-BUF"
"467","2015-12-17","FLO","NJD","20151217-FLO-NJD"
"468","2015-12-17","VAN","PHI","20151217-VAN-PHI"
"469","2015-12-17","SJS","TOR","20151217-SJS-TOR"
"470","2015-12-17","LAK","MTL","20151217-LAK-MTL"
"471","2015-12-17","NSH","STL","20151217-NSH-STL"
"472","2015-12-17","NYR","MIN","20151217-NYR-MIN"
"473","2015-12-17","EDM","CHI","20151217-EDM-CHI"
"474","2015-12-17","CGY","DAL","20151217-CGY-DAL"
"475","2015-12-17","NYI","COL","20151217-NYI-COL"
"476","2015-12-17","CBJ","ARI","20151217-CBJ-ARI"
"477","2015-12-18","BOS","PIT","20151218-BOS-PIT"
"478","2015-12-18","TBL","WSH","20151218-TBL-WSH"
"479","2015-12-18","FLO","CAR","20151218-FLO-CAR"
"480","2015-12-18","SJS","OTT","20151218-SJS-OTT"
"481","2015-12-18","VAN","DET","20151218-VAN-DET"
"482","2015-12-18","NYR","WPJ","20151218-NYR-WPJ"
"483","2015-12-19","CHI","BUF","20151219-CHI-BUF"
"484","2015-12-19","CGY","STL","20151219-CGY-STL"
"485","2015-12-19","LAK","TOR","20151219-LAK-TOR"
"486","2015-12-19","ANA","NJD","20151219-ANA-NJD"
"487","2015-12-19","CAR","PIT","20151219-CAR-PIT"
"488","2015-12-19","PHI","CBJ","20151219-PHI-CBJ"
"489","2015-12-19","MTL","DAL","20151219-MTL-DAL"
"490","2015-12-19","MIN","NSH","20151219-MIN-NSH"
"491","2015-12-19","NYI","ARI","20151219-NYI-ARI"
"492","2015-12-19","EDM","COL","20151219-EDM-COL"
"493","2015-12-20","VAN","FLO","20151220-VAN-FLO"
"494","2015-12-20","NJD","BOS","20151220-NJD-BOS"
"495","2015-12-20","OTT","TBL","20151220-OTT-TBL"
"496","2015-12-20","CGY","DET","20151220-CGY-DET"
"497","2015-12-20","WSH","NYR","20151220-WSH-NYR"
"498","2015-12-20","SJS","CHI","20151220-SJS-CHI"
"499","2015-12-21","ANA","NYI","20151221-ANA-NYI"
"500","2015-12-21","STL","PHI","20151221-STL-PHI"
"501","2015-12-21","CBJ","PIT","20151221-CBJ-PIT"
"502","2015-12-21","WSH","CAR","20151221-WSH-CAR"
"503","2015-12-21","MTL","NSH","20151221-MTL-NSH"
"504","2015-12-21","DAL","MIN","20151221-DAL-MIN"
"505","2015-12-21","TOR","COL","20151221-TOR-COL"
"506","2015-12-21","WPJ","EDM","20151221-WPJ-EDM"
"507","2015-12-22","STL","BOS","20151222-STL-BOS"
"508","2015-12-22","ANA","NYR","20151222-ANA-NYR"
"509","2015-12-22","NJD","DET","20151222-NJD-DET"
"510","2015-12-22","VAN","TBL","20151222-VAN-TBL"
"511","2015-12-22","OTT","FLO","20151222-OTT-FLO"
"512","2015-12-22","MTL","MIN","20151222-MTL-MIN"
"513","2015-12-22","CHI","DAL","20151222-CHI-DAL"
"514","2015-12-22","WPJ","CGY","20151222-WPJ-CGY"
"515","2015-12-22","TOR","ARI","20151222-TOR-ARI"
"516","2015-12-22","SJS","LAK","20151222-SJS-LAK"
"517","2015-12-26","BUF","BOS","20151226-BUF-BOS"
"518","2015-12-26","CBJ","TBL","20151226-CBJ-TBL"
"519","2015-12-26","MTL","WSH","20151226-MTL-WSH"
"520","2015-12-26","NJD","CAR","20151226-NJD-CAR"
"521","2015-12-26","DAL","STL","20151226-DAL-STL"
"522","2015-12-26","DET","NSH","20151226-DET-NSH"
"523","2015-12-26","PIT","MIN","20151226-PIT-MIN"
"524","2015-12-26","LAK","ARI","20151226-LAK-ARI"
"525","2015-12-26","EDM","VAN","20151226-EDM-VAN"
"526","2015-12-27","BOS","OTT","20151227-BOS-OTT"
"527","2015-12-27","CBJ","FLO","20151227-CBJ-FLO"
"528","2015-12-27","TOR","NYI","20151227-TOR-NYI"
"529","2015-12-27","STL","DAL","20151227-STL-DAL"
"530","2015-12-27","CAR","CHI","20151227-CAR-CHI"
"531","2015-12-27","PIT","WPJ","20151227-PIT-WPJ"
"532","2015-12-27","ARI","COL","20151227-ARI-COL"
"533","2015-12-27","PHI","ANA","20151227-PHI-ANA"
"534","2015-12-27","EDM","CGY","20151227-EDM-CGY"
"535","2015-12-28","WSH","BUF","20151228-WSH-BUF"
"536","2015-12-28","MTL","TBL","20151228-MTL-TBL"
"537","2015-12-28","NYR","NSH","20151228-NYR-NSH"
"538","2015-12-28","DET","MIN","20151228-DET-MIN"
"539","2015-12-28","LAK","VAN","20151228-LAK-VAN"
"540","2015-12-28","COL","SJS","20151228-COL-SJS"
"541","2015-12-29","OTT","BOS","20151229-OTT-BOS"
"542","2015-12-29","NYI","TOR","20151229-NYI-TOR"
"543","2015-12-29","CAR","NJD","20151229-CAR-NJD"
"544","2015-12-29","DAL","CBJ","20151229-DAL-CBJ"
"545","2015-12-29","MTL","FLO","20151229-MTL-FLO"
"546","2015-12-29","NSH","STL","20151229-NSH-STL"
"547","2015-12-29","DET","WPJ","20151229-DET-WPJ"
"548","2015-12-29","ANA","CGY","20151229-ANA-CGY"
"549","2015-12-29","LAK","EDM","20151229-LAK-EDM"
"550","2015-12-29","CHI","ARI","20151229-CHI-ARI"
"551","2015-12-30","TOR","PIT","20151230-TOR-PIT"
"552","2015-12-30","BUF","WSH","20151230-BUF-WSH"
"553","2015-12-30","NJD","OTT","20151230-NJD-OTT"
"554","2015-12-30","NYR","TBL","20151230-NYR-TBL"
"555","2015-12-30","PHI","SJS","20151230-PHI-SJS"
"556","2015-12-31","NYI","BUF","20151231-NYI-BUF"
"557","2015-12-31","PIT","DET","20151231-PIT-DET"
"558","2015-12-31","WSH","CAR","20151231-WSH-CAR"
"559","2015-12-31","MIN","STL","20151231-MIN-STL"
"560","2015-12-31","CHI","COL","20151231-CHI-COL"
"561","2015-12-31","NSH","DAL","20151231-NSH-DAL"
"562","2015-12-31","LAK","CGY","20151231-LAK-CGY"
"563","2015-12-31","ANA","EDM","20151231-ANA-EDM"
"564","2015-12-31","WPJ","ARI","20151231-WPJ-ARI"
"565","2016-01-01","MTL","BOS","20160101-MTL-BOS"
"566","2016-01-01","ANA","VAN","20160101-ANA-VAN"
"567","2016-01-02","DET","BUF","20160102-DET-BUF"
"568","2016-01-02","ARI","EDM","20160102-ARI-EDM"
"569","2016-01-02","PHI","LAK","20160102-PHI-LAK"
"570","2016-01-02","STL","TOR","20160102-STL-TOR"
"571","2016-01-02","MIN","TBL","20160102-MIN-TBL"
"572","2016-01-02","NYR","FLO","20160102-NYR-FLO"
"573","2016-01-02","DAL","NJD","20160102-DAL-NJD"
"574","2016-01-02","NYI","PIT","20160102-NYI-PIT"
"575","2016-01-02","NSH","CAR","20160102-NSH-CAR"
"576","2016-01-02","WSH","CBJ","20160102-WSH-CBJ"
"577","2016-01-02","CGY","COL","20160102-CGY-COL"
"578","2016-01-02","WPJ","SJS","20160102-WPJ-SJS"
"579","2016-01-03","DAL","NYI","20160103-DAL-NYI"
"580","2016-01-03","MIN","FLO","20160103-MIN-FLO"
"581","2016-01-03","OTT","CHI","20160103-OTT-CHI"
"582","2016-01-03","WPJ","ANA","20160103-WPJ-ANA"
"583","2016-01-04","DET","NJD","20160104-DET-NJD"
"584","2016-01-04","OTT","STL","20160104-OTT-STL"
"585","2016-01-04","LAK","COL","20160104-LAK-COL"
"586","2016-01-04","CAR","EDM","20160104-CAR-EDM"
"587","2016-01-04","ARI","VAN","20160104-ARI-VAN"
"588","2016-01-05","WSH","BOS","20160105-WSH-BOS"
"589","2016-01-05","FLO","BUF","20160105-FLO-BUF"
"590","2016-01-05","DAL","NYR","20160105-DAL-NYR"
"591","2016-01-05","MTL","PHI","20160105-MTL-PHI"
"592","2016-01-05","CHI","PIT","20160105-CHI-PIT"
"593","2016-01-05","MIN","CBJ","20160105-MIN-CBJ"
"594","2016-01-05","WPJ","NSH","20160105-WPJ-NSH"
"595","2016-01-05","TBL","CGY","20160105-TBL-CGY"
"596","2016-01-06","NJD","MTL","20160106-NJD-MTL"
"597","2016-01-06","PIT","CHI","20160106-PIT-CHI"
"598","2016-01-06","STL","COL","20160106-STL-COL"
"599","2016-01-06","CAR","VAN","20160106-CAR-VAN"
"600","2016-01-06","TOR","ANA","20160106-TOR-ANA"
"601","2016-01-07","WSH","NYI","20160107-WSH-NYI"
"602","2016-01-07","FLO","OTT","20160107-FLO-OTT"
"603","2016-01-07","PHI","MIN","20160107-PHI-MIN"
"604","2016-01-07","WPJ","DAL","20160107-WPJ-DAL"
"605","2016-01-07","ARI","CGY","20160107-ARI-CGY"
"606","2016-01-07","TOR","LAK","20160107-TOR-LAK"
"607","2016-01-07","DET","SJS","20160107-DET-SJS"
"608","2016-01-08","BOS","NJD","20160108-BOS-NJD"
"609","2016-01-08","CBJ","CAR","20160108-CBJ-CAR"
"610","2016-01-08","BUF","CHI","20160108-BUF-CHI"
"611","2016-01-08","NSH","COL","20160108-NSH-COL"
"612","2016-01-08","TBL","EDM","20160108-TBL-EDM"
"613","2016-01-08","STL","ANA","20160108-STL-ANA"
"614","2016-01-09","WSH","NYR","20160109-WSH-NYR"
"615","2016-01-09","NYI","PHI","20160109-NYI-PHI"
"616","2016-01-09","PIT","MTL","20160109-PIT-MTL"
"617","2016-01-09","BOS","OTT","20160109-BOS-OTT"
"618","2016-01-09","CAR","CBJ","20160109-CAR-CBJ"
"619","2016-01-09","TOR","SJS","20160109-TOR-SJS"
"620","2016-01-09","MIN","DAL","20160109-MIN-DAL"
"621","2016-01-09","NSH","ARI","20160109-NSH-ARI"
"622","2016-01-09","TBL","VAN","20160109-TBL-VAN"
"623","2016-01-09","STL","LAK","20160109-STL-LAK"
"624","2016-01-10","BUF","WPJ","20160110-BUF-WPJ"
"625","2016-01-10","OTT","WSH","20160110-OTT-WSH"
"626","2016-01-10","COL","CHI","20160110-COL-CHI"
"627","2016-01-10","NJD","MIN","20160110-NJD-MIN"
"628","2016-01-10","DET","ANA","20160110-DET-ANA"
"629","2016-01-10","FLO","EDM","20160110-FLO-EDM"
"630","2016-01-11","BOS","NYR","20160111-BOS-NYR"
"631","2016-01-11","SJS","CGY","20160111-SJS-CGY"
"632","2016-01-11","FLO","VAN","20160111-FLO-VAN"
"633","2016-01-11","DET","LAK","20160111-DET-LAK"
"634","2016-01-12","CBJ","NYI","20160112-CBJ-NYI"
"635","2016-01-12","PIT","CAR","20160112-PIT-CAR"
"636","2016-01-12","NJD","STL","20160112-NJD-STL"
"637","2016-01-12","BUF","MIN","20160112-BUF-MIN"
"638","2016-01-12","SJS","WPJ","20160112-SJS-WPJ"
"639","2016-01-12","NSH","CHI","20160112-NSH-CHI"
"640","2016-01-12","TBL","COL","20160112-TBL-COL"
"641","2016-01-12","EDM","ARI","20160112-EDM-ARI"
"642","2016-01-13","CBJ","TOR","20160113-CBJ-TOR"
"643","2016-01-13","BOS","PHI","20160113-BOS-PHI"
"644","2016-01-13","FLO","CGY","20160113-FLO-CGY"
"645","2016-01-13","OTT","ANA","20160113-OTT-ANA"
"646","2016-01-14","NYR","NYI","20160114-NYR-NYI"
"647","2016-01-14","VAN","WSH","20160114-VAN-WSH"
"648","2016-01-14","CHI","MTL","20160114-CHI-MTL"
"649","2016-01-14","CAR","STL","20160114-CAR-STL"
"650","2016-01-14","NSH","WPJ","20160114-NSH-WPJ"
"651","2016-01-14","NJD","COL","20160114-NJD-COL"
"652","2016-01-14","DET","ARI","20160114-DET-ARI"
"653","2016-01-14","EDM","SJS","20160114-EDM-SJS"
"654","2016-01-15","BOS","BUF","20160115-BOS-BUF"
"655","2016-01-15","CHI","TOR","20160115-CHI-TOR"
"656","2016-01-15","VAN","CAR","20160115-VAN-CAR"
"657","2016-01-15","PIT","TBL","20160115-PIT-TBL"
"658","2016-01-15","WPJ","MIN","20160115-WPJ-MIN"
"659","2016-01-15","DAL","ANA","20160115-DAL-ANA"
"660","2016-01-16","NYR","PHI","20160116-NYR-PHI"
"661","2016-01-16","OTT","LAK","20160116-OTT-LAK"
"662","2016-01-16","TOR","BOS","20160116-TOR-BOS"
"663","2016-01-16","WSH","BUF","20160116-WSH-BUF"
"664","2016-01-16","COL","CBJ","20160116-COL-CBJ"
"665","2016-01-16","MTL","STL","20160116-MTL-STL"
"666","2016-01-16","MIN","NSH","20160116-MIN-NSH"
"667","2016-01-16","NJD","ARI","20160116-NJD-ARI"
"668","2016-01-16","CGY","EDM","20160116-CGY-EDM"
"669","2016-01-16","DAL","SJS","20160116-DAL-SJS"
"670","2016-01-17","CAR","PIT","20160117-CAR-PIT"
"671","2016-01-17","VAN","NYI","20160117-VAN-NYI"
"672","2016-01-17","FLO","TBL","20160117-FLO-TBL"
"673","2016-01-17","NYR","WSH","20160117-NYR-WSH"
"674","2016-01-17","MTL","CHI","20160117-MTL-CHI"
"675","2016-01-17","PHI","DET","20160117-PHI-DET"
"676","2016-01-17","LAK","ANA","20160117-LAK-ANA"
"677","2016-01-18","EDM","FLO","20160118-EDM-FLO"
"678","2016-01-18","PIT","STL","20160118-PIT-STL"
"679","2016-01-18","COL","WPJ","20160118-COL-WPJ"
"680","2016-01-18","BUF","ARI","20160118-BUF-ARI"
"681","2016-01-18","OTT","SJS","20160118-OTT-SJS"
"682","2016-01-19","CGY","NJD","20160119-CGY-NJD"
"683","2016-01-19","VAN","NYR","20160119-VAN-NYR"
"684","2016-01-19","TOR","PHI","20160119-TOR-PHI"
"685","2016-01-19","WSH","CBJ","20160119-WSH-CBJ"
"686","2016-01-19","BOS","MTL","20160119-BOS-MTL"
"687","2016-01-19","EDM","TBL","20160119-EDM-TBL"
"688","2016-01-19","CHI","NSH","20160119-CHI-NSH"
"689","2016-01-19","DAL","LAK","20160119-DAL-LAK"
"690","2016-01-20","STL","DET","20160120-STL-DET"
"691","2016-01-20","BUF","COL","20160120-BUF-COL"
"692","2016-01-20","MIN","ANA","20160120-MIN-ANA"
"693","2016-01-21","VAN","BOS","20160121-VAN-BOS"
"694","2016-01-21","OTT","NJD","20160121-OTT-NJD"
"695","2016-01-21","PHI","PIT","20160121-PHI-PIT"
"696","2016-01-21","CGY","CBJ","20160121-CGY-CBJ"
"697","2016-01-21","CAR","TOR","20160121-CAR-TOR"
"698","2016-01-21","CHI","TBL","20160121-CHI-TBL"
"699","2016-01-21","NSH","WPJ","20160121-NSH-WPJ"
"700","2016-01-21","EDM","DAL","20160121-EDM-DAL"
"701","2016-01-21","SJS","ARI","20160121-SJS-ARI"
"702","2016-01-21","MIN","LAK","20160121-MIN-LAK"
"703","2016-01-22","DET","BUF","20160122-DET-BUF"
"704","2016-01-22","NYR","CAR","20160122-NYR-CAR"
"705","2016-01-22","NYI","OTT","20160122-NYI-OTT"
"706","2016-01-22","CHI","FLO","20160122-CHI-FLO"
"707","2016-01-22","STL","COL","20160122-STL-COL"
"708","2016-01-23","VAN","PIT","20160123-VAN-PIT"
"709","2016-01-23","MIN","SJS","20160123-MIN-SJS"
"710","2016-01-23","CBJ","BOS","20160123-CBJ-BOS"
"711","2016-01-23","MTL","TOR","20160123-MTL-TOR"
"712","2016-01-23","ANA","DET","20160123-ANA-DET"
"713","2016-01-23","TBL","FLO","20160123-TBL-FLO"
"714","2016-01-23","NJD","WPJ","20160123-NJD-WPJ"
"715","2016-01-23","COL","DAL","20160123-COL-DAL"
"716","2016-01-23","LAK","ARI","20160123-LAK-ARI"
"717","2016-01-23","NSH","EDM","20160123-NSH-EDM"
"718","2016-01-24","NYR","OTT","20160124-NYR-OTT"
"719","2016-01-24","CGY","CAR","20160124-CGY-CAR"
"720","2016-01-24","STL","CHI","20160124-STL-CHI"
"721","2016-01-24","LAK","SJS","20160124-LAK-SJS"
"722","2016-01-25","DET","NYI","20160125-DET-NYI"
"723","2016-01-25","BUF","NYR","20160125-BUF-NYR"
"724","2016-01-25","BOS","PHI","20160125-BOS-PHI"
"725","2016-01-25","MTL","CBJ","20160125-MTL-CBJ"
"726","2016-01-25","CGY","DAL","20160125-CGY-DAL"
"727","2016-01-25","ARI","MIN","20160125-ARI-MIN"
"728","2016-01-26","ANA","BOS","20160126-ANA-BOS"
"729","2016-01-26","NJD","PIT","20160126-NJD-PIT"
"730","2016-01-26","CHI","CAR","20160126-CHI-CAR"
"731","2016-01-26","CBJ","MTL","20160126-CBJ-MTL"
"732","2016-01-26","BUF","OTT","20160126-BUF-OTT"
"733","2016-01-26","TOR","FLO","20160126-TOR-FLO"
"734","2016-01-26","ARI","WPJ","20160126-ARI-WPJ"
"735","2016-01-26","NSH","VAN","20160126-NSH-VAN"
"736","2016-01-26","COL","SJS","20160126-COL-SJS"
"737","2016-01-27","TOR","TBL","20160127-TOR-TBL"
"738","2016-01-27","PHI","WSH","20160127-PHI-WSH"
"739","2016-01-27","NSH","CGY","20160127-NSH-CGY"
"740","2016-01-27","COL","LAK","20160127-COL-LAK"
"741","2016-02-02","TOR","BOS","20160202-TOR-BOS"
"742","2016-02-02","NYR","NJD","20160202-NYR-NJD"
"743","2016-02-02","MIN","NYI","20160202-MIN-NYI"
"744","2016-02-02","MTL","PHI","20160202-MTL-PHI"
"745","2016-02-02","OTT","PIT","20160202-OTT-PIT"
"746","2016-02-02","FLO","WSH","20160202-FLO-WSH"
"747","2016-02-02","STL","NSH","20160202-STL-NSH"
"748","2016-02-02","DAL","WPJ","20160202-DAL-WPJ"
"749","2016-02-02","CHI","COL","20160202-CHI-COL"
"750","2016-02-02","CBJ","EDM","20160202-CBJ-EDM"
"751","2016-02-02","LAK","ARI","20160202-LAK-ARI"
"752","2016-02-02","SJS","ANA","20160202-SJS-ANA"
"753","2016-02-03","BUF","MTL","20160203-BUF-MTL"
"754","2016-02-03","DET","TBL","20160203-DET-TBL"
"755","2016-02-03","CAR","CGY","20160203-CAR-CGY"
"756","2016-02-04","BOS","BUF","20160204-BOS-BUF"
"757","2016-02-04","MIN","NYR","20160204-MIN-NYR"
"758","2016-02-04","NYI","WSH","20160204-NYI-WSH"
"759","2016-02-04","NJD","TOR","20160204-NJD-TOR"
"760","2016-02-04","EDM","OTT","20160204-EDM-OTT"
"761","2016-02-04","DET","FLO","20160204-DET-FLO"
"762","2016-02-04","SJS","STL","20160204-SJS-STL"
"763","2016-02-04","PHI","NSH","20160204-PHI-NSH"
"764","2016-02-04","DAL","COL","20160204-DAL-COL"
"765","2016-02-04","CHI","ARI","20160204-CHI-ARI"
"766","2016-02-04","CBJ","VAN","20160204-CBJ-VAN"
"767","2016-02-04","ANA","LAK","20160204-ANA-LAK"
"768","2016-02-05","PIT","TBL","20160205-PIT-TBL"
"769","2016-02-05","CAR","WPJ","20160205-CAR-WPJ"
"770","2016-02-05","CBJ","CGY","20160205-CBJ-CGY"
"771","2016-02-05","ARI","ANA","20160205-ARI-ANA"
"772","2016-02-06","WSH","NJD","20160206-WSH-NJD"
"773","2016-02-06","NYR","PHI","20160206-NYR-PHI"
"774","2016-02-06","EDM","MTL","20160206-EDM-MTL"
"775","2016-02-06","NYI","DET","20160206-NYI-DET"
"776","2016-02-06","BUF","BOS","20160206-BUF-BOS"
"777","2016-02-06","TOR","OTT","20160206-TOR-OTT"
"778","2016-02-06","PIT","FLO","20160206-PIT-FLO"
"779","2016-02-06","MIN","STL","20160206-MIN-STL"
"780","2016-02-06","SJS","NSH","20160206-SJS-NSH"
"781","2016-02-06","CHI","DAL","20160206-CHI-DAL"
"782","2016-02-06","WPJ","COL","20160206-WPJ-COL"
"783","2016-02-06","CGY","VAN","20160206-CGY-VAN"
"784","2016-02-07","PHI","WSH","20160207-PHI-WSH"
"785","2016-02-07","CAR","MTL","20160207-CAR-MTL"
"786","2016-02-07","EDM","NYI","20160207-EDM-NYI"
"787","2016-02-08","NJD","NYR","20160208-NJD-NYR"
"788","2016-02-08","ANA","PIT","20160208-ANA-PIT"
"789","2016-02-08","TBL","OTT","20160208-TBL-OTT"
"790","2016-02-08","FLO","DET","20160208-FLO-DET"
"791","2016-02-09","LAK","BOS","20160209-LAK-BOS"
"792","2016-02-09","FLO","BUF","20160209-FLO-BUF"
"793","2016-02-09","ANA","PHI","20160209-ANA-PHI"
"794","2016-02-09","NYI","CBJ","20160209-NYI-CBJ"
"795","2016-02-09","TBL","MTL","20160209-TBL-MTL"
"796","2016-02-09","EDM","NJD","20160209-EDM-NJD"
"797","2016-02-09","WPJ","STL","20160209-WPJ-STL"
"798","2016-02-09","WSH","NSH","20160209-WSH-NSH"
"799","2016-02-09","DAL","MIN","20160209-DAL-MIN"
"800","2016-02-09","SJS","CHI","20160209-SJS-CHI"
"801","2016-02-09","VAN","COL","20160209-VAN-COL"
"802","2016-02-09","TOR","CGY","20160209-TOR-CGY"
"803","2016-02-10","OTT","DET","20160210-OTT-DET"
"804","2016-02-10","NYR","PIT","20160210-NYR-PIT"
"805","2016-02-10","VAN","ARI","20160210-VAN-ARI"
"806","2016-02-11","LAK","NYI","20160211-LAK-NYI"
"807","2016-02-11","BUF","PHI","20160211-BUF-PHI"
"808","2016-02-11","ANA","CBJ","20160211-ANA-CBJ"
"809","2016-02-11","COL","OTT","20160211-COL-OTT"
"810","2016-02-11","WSH","MIN","20160211-WSH-MIN"
"811","2016-02-11","BOS","WPJ","20160211-BOS-WPJ"
"812","2016-02-11","DAL","CHI","20160211-DAL-CHI"
"813","2016-02-11","TOR","EDM","20160211-TOR-EDM"
"814","2016-02-11","CGY","SJS","20160211-CGY-SJS"
"815","2016-02-12","MTL","BUF","20160212-MTL-BUF"
"816","2016-02-12","LAK","NYR","20160212-LAK-NYR"
"817","2016-02-12","PIT","CAR","20160212-PIT-CAR"
"818","2016-02-12","COL","DET","20160212-COL-DET"
"819","2016-02-12","NSH","TBL","20160212-NSH-TBL"
"820","2016-02-12","STL","FLO","20160212-STL-FLO"
"821","2016-02-12","CGY","ARI","20160212-CGY-ARI"
"822","2016-02-13","NJD","PHI","20160213-NJD-PHI"
"823","2016-02-13","BOS","MIN","20160213-BOS-MIN"
"824","2016-02-13","NSH","FLO","20160213-NSH-FLO"
"825","2016-02-13","NYI","CAR","20160213-NYI-CAR"
"826","2016-02-13","OTT","CBJ","20160213-OTT-CBJ"
"827","2016-02-13","TOR","VAN","20160213-TOR-VAN"
"828","2016-02-13","WSH","DAL","20160213-WSH-DAL"
"829","2016-02-13","ANA","CHI","20160213-ANA-CHI"
"830","2016-02-13","WPJ","EDM","20160213-WPJ-EDM"
"831","2016-02-13","ARI","SJS","20160213-ARI-SJS"
"832","2016-02-14","COL","BUF","20160214-COL-BUF"
"833","2016-02-14","LAK","NJD","20160214-LAK-NJD"
"834","2016-02-14","BOS","DET","20160214-BOS-DET"
"835","2016-02-14","STL","TBL","20160214-STL-TBL"
"836","2016-02-14","PHI","NYR","20160214-PHI-NYR"
"837","2016-02-15","DET","NYI","20160215-DET-NYI"
"838","2016-02-15","ANA","CGY","20160215-ANA-CGY"
"839","2016-02-15","PIT","FLO","20160215-PIT-FLO"
"840","2016-02-15","DAL","NSH","20160215-DAL-NSH"
"841","2016-02-15","TOR","CHI","20160215-TOR-CHI"
"842","2016-02-15","MTL","ARI","20160215-MTL-ARI"
"843","2016-02-15","MIN","VAN","20160215-MIN-VAN"
"844","2016-02-16","PHI","NJD","20160216-PHI-NJD"
"845","2016-02-16","LAK","WSH","20160216-LAK-WSH"
"846","2016-02-16","WPJ","CAR","20160216-WPJ-CAR"
"847","2016-02-16","BOS","CBJ","20160216-BOS-CBJ"
"848","2016-02-16","BUF","OTT","20160216-BUF-OTT"
"849","2016-02-16","SJS","TBL","20160216-SJS-TBL"
"850","2016-02-16","DAL","STL","20160216-DAL-STL"
"851","2016-02-16","ANA","EDM","20160216-ANA-EDM"
"852","2016-02-17","CHI","NYR","20160217-CHI-NYR"
"853","2016-02-17","MTL","COL","20160217-MTL-COL"
"854","2016-02-17","MIN","CGY","20160217-MIN-CGY"
"855","2016-02-18","WSH","NYI","20160218-WSH-NYI"
"856","2016-02-18","DET","PIT","20160218-DET-PIT"
"857","2016-02-18","NYR","TOR","20160218-NYR-TOR"
"858","2016-02-18","CAR","OTT","20160218-CAR-OTT"
"859","2016-02-18","WPJ","TBL","20160218-WPJ-TBL"
"860","2016-02-18","SJS","FLO","20160218-SJS-FLO"
"861","2016-02-18","LAK","STL","20160218-LAK-STL"
"862","2016-02-18","BOS","NSH","20160218-BOS-NSH"
"863","2016-02-18","MIN","EDM","20160218-MIN-EDM"
"864","2016-02-18","DAL","ARI","20160218-DAL-ARI"
"865","2016-02-18","ANA","VAN","20160218-ANA-VAN"
"866","2016-02-19","NYI","NJD","20160219-NYI-NJD"
"867","2016-02-19","SJS","CAR","20160219-SJS-CAR"
"868","2016-02-19","BUF","CBJ","20160219-BUF-CBJ"
"869","2016-02-19","PHI","MTL","20160219-PHI-MTL"
"870","2016-02-19","VAN","CGY","20160219-VAN-CGY"
"871","2016-02-20","TBL","PIT","20160220-TBL-PIT"
"872","2016-02-20","PHI","TOR","20160220-PHI-TOR"
"873","2016-02-20","DET","OTT","20160220-DET-OTT"
"874","2016-02-20","WPJ","FLO","20160220-WPJ-FLO"
"875","2016-02-20","NJD","WSH","20160220-NJD-WSH"
"876","2016-02-20","LAK","NSH","20160220-LAK-NSH"
"877","2016-02-20","BOS","DAL","20160220-BOS-DAL"
"878","2016-02-20","STL","ARI","20160220-STL-ARI"
"879","2016-02-20","COL","EDM","20160220-COL-EDM"
"880","2016-02-21","PIT","BUF","20160221-PIT-BUF"
"881","2016-02-21","CHI","MIN","20160221-CHI-MIN"
"882","2016-02-21","DET","NYR","20160221-DET-NYR"
"883","2016-02-21","TBL","CAR","20160221-TBL-CAR"
"884","2016-02-21","CGY","ANA","20160221-CGY-ANA"
"885","2016-02-21","COL","VAN","20160221-COL-VAN"
"886","2016-02-22","CBJ","BOS","20160222-CBJ-BOS"
"887","2016-02-22","ARI","WSH","20160222-ARI-WSH"
"888","2016-02-22","NSH","MTL","20160222-NSH-MTL"
"889","2016-02-22","SJS","STL","20160222-SJS-STL"
"890","2016-02-23","NYR","NJD","20160223-NYR-NJD"
"891","2016-02-23","PHI","CAR","20160223-PHI-CAR"
"892","2016-02-23","NSH","TOR","20160223-NSH-TOR"
"893","2016-02-23","CBJ","DET","20160223-CBJ-DET"
"894","2016-02-23","ARI","TBL","20160223-ARI-TBL"
"895","2016-02-23","NYI","MIN","20160223-NYI-MIN"
"896","2016-02-23","DAL","WPJ","20160223-DAL-WPJ"
"897","2016-02-23","OTT","EDM","20160223-OTT-EDM"
"898","2016-02-23","CGY","LAK","20160223-CGY-LAK"
"899","2016-02-24","MTL","WSH","20160224-MTL-WSH"
"900","2016-02-24","PIT","BOS","20160224-PIT-BOS"
"901","2016-02-24","SJS","COL","20160224-SJS-COL"
"902","2016-02-24","BUF","ANA","20160224-BUF-ANA"
"903","2016-02-25","MIN","PHI","20160225-MIN-PHI"
"904","2016-02-25","NJD","CBJ","20160225-NJD-CBJ"
"905","2016-02-25","CAR","TOR","20160225-CAR-TOR"
"906","2016-02-25","ARI","FLO","20160225-ARI-FLO"
"907","2016-02-25","NYR","STL","20160225-NYR-STL"
"908","2016-02-25","NSH","CHI","20160225-NSH-CHI"
"909","2016-02-25","WPJ","DAL","20160225-WPJ-DAL"
"910","2016-02-25","NYI","CGY","20160225-NYI-CGY"
"911","2016-02-25","OTT","VAN","20160225-OTT-VAN"
"912","2016-02-25","EDM","LAK","20160225-EDM-LAK"
"913","2016-02-26","TBL","NJD","20160226-TBL-NJD"
"914","2016-02-26","MIN","WSH","20160226-MIN-WSH"
"915","2016-02-26","BOS","CAR","20160226-BOS-CAR"
"916","2016-02-26","EDM","ANA","20160226-EDM-ANA"
"917","2016-02-26","BUF","SJS","20160226-BUF-SJS"
"918","2016-02-27","ARI","PHI","20160227-ARI-PHI"
"919","2016-02-27","WPJ","PIT","20160227-WPJ-PIT"
"920","2016-02-27","FLO","CBJ","20160227-FLO-CBJ"
"921","2016-02-27","STL","NSH","20160227-STL-NSH"
"922","2016-02-27","NYR","DAL","20160227-NYR-DAL"
"923","2016-02-27","TOR","MTL","20160227-TOR-MTL"
"924","2016-02-27","DET","COL","20160227-DET-COL"
"925","2016-02-27","OTT","CGY","20160227-OTT-CGY"
"926","2016-02-27","BUF","LAK","20160227-BUF-LAK"
"927","2016-02-28","WSH","CHI","20160228-WSH-CHI"
"928","2016-02-28","STL","CAR","20160228-STL-CAR"
"929","2016-02-28","FLO","MIN","20160228-FLO-MIN"
"930","2016-02-28","TBL","BOS","20160228-TBL-BOS"
"931","2016-02-28","SJS","VAN","20160228-SJS-VAN"
"932","2016-02-28","LAK","ANA","20160228-LAK-ANA"
"933","2016-02-28","NYI","EDM","20160228-NYI-EDM"
"934","2016-02-29","CBJ","NYR","20160229-CBJ-NYR"
"935","2016-02-29","CGY","PHI","20160229-CGY-PHI"
"936","2016-02-29","ARI","PIT","20160229-ARI-PIT"
"937","2016-02-29","TBL","TOR","20160229-TBL-TOR"
"938","2016-02-29","DET","DAL","20160229-DET-DAL"
"939","2016-02-29","MTL","SJS","20160229-MTL-SJS"
"940","2016-03-01","CGY","BOS","20160301-CGY-BOS"
"941","2016-03-01","CAR","NJD","20160301-CAR-NJD"
"942","2016-03-01","EDM","BUF","20160301-EDM-BUF"
"943","2016-03-01","STL","OTT","20160301-STL-OTT"
"944","2016-03-01","PIT","WSH","20160301-PIT-WSH"
"945","2016-03-01","DAL","NSH","20160301-DAL-NSH"
"946","2016-03-01","COL","MIN","20160301-COL-MIN"
"947","2016-03-01","FLO","WPJ","20160301-FLO-WPJ"
"948","2016-03-01","NYI","VAN","20160301-NYI-VAN"
"949","2016-03-02","TOR","WSH","20160302-TOR-WSH"
"950","2016-03-02","CHI","DET","20160302-CHI-DET"
"951","2016-03-02","MTL","ANA","20160302-MTL-ANA"
"952","2016-03-03","CHI","BOS","20160303-CHI-BOS"
"953","2016-03-03","CGY","BUF","20160303-CGY-BUF"
"954","2016-03-03","EDM","PHI","20160303-EDM-PHI"
"955","2016-03-03","NYR","PIT","20160303-NYR-PIT"
"956","2016-03-03","MIN","TOR","20160303-MIN-TOR"
"957","2016-03-03","TBL","OTT","20160303-TBL-OTT"
"958","2016-03-03","NJD","NSH","20160303-NJD-NSH"
"959","2016-03-03","NYI","WPJ","20160303-NYI-WPJ"
"960","2016-03-03","ANA","ARI","20160303-ANA-ARI"
"961","2016-03-03","FLO","COL","20160303-FLO-COL"
"962","2016-03-03","SJS","VAN","20160303-SJS-VAN"
"963","2016-03-03","MTL","LAK","20160303-MTL-LAK"
"964","2016-03-04","NYR","WSH","20160304-NYR-WSH"
"965","2016-03-04","EDM","CBJ","20160304-EDM-CBJ"
"966","2016-03-04","NJD","DAL","20160304-NJD-DAL"
"967","2016-03-05","MIN","BUF","20160305-MIN-BUF"
"968","2016-03-05","CGY","PIT","20160305-CGY-PIT"
"969","2016-03-05","NSH","COL","20160305-NSH-COL"
"970","2016-03-05","ANA","LAK","20160305-ANA-LAK"
"971","2016-03-05","WSH","BOS","20160305-WSH-BOS"
"972","2016-03-05","OTT","TOR","20160305-OTT-TOR"
"973","2016-03-05","CAR","TBL","20160305-CAR-TBL"
"974","2016-03-05","CBJ","PHI","20160305-CBJ-PHI"
"975","2016-03-05","MTL","WPJ","20160305-MTL-WPJ"
"976","2016-03-05","FLO","ARI","20160305-FLO-ARI"
"977","2016-03-05","VAN","SJS","20160305-VAN-SJS"
"978","2016-03-06","DAL","OTT","20160306-DAL-OTT"
"979","2016-03-06","PIT","NJD","20160306-PIT-NJD"
"980","2016-03-06","NYI","NYR","20160306-NYI-NYR"
"981","2016-03-06","DET","CHI","20160306-DET-CHI"
"982","2016-03-06","EDM","WPJ","20160306-EDM-WPJ"
"983","2016-03-06","STL","MIN","20160306-STL-MIN"
"984","2016-03-07","TBL","PHI","20160307-TBL-PHI"
"985","2016-03-07","BUF","TOR","20160307-BUF-TOR"
"986","2016-03-07","BOS","FLO","20160307-BOS-FLO"
"987","2016-03-07","ARI","COL","20160307-ARI-COL"
"988","2016-03-07","SJS","CGY","20160307-SJS-CGY"
"989","2016-03-07","WSH","ANA","20160307-WSH-ANA"
"990","2016-03-07","VAN","LAK","20160307-VAN-LAK"
"991","2016-03-08","NYR","BUF","20160308-NYR-BUF"
"992","2016-03-08","PIT","NYI","20160308-PIT-NYI"
"993","2016-03-08","OTT","CAR","20160308-OTT-CAR"
"994","2016-03-08","DET","CBJ","20160308-DET-CBJ"
"995","2016-03-08","DAL","MTL","20160308-DAL-MTL"
"996","2016-03-08","BOS","TBL","20160308-BOS-TBL"
"997","2016-03-08","NSH","WPJ","20160308-NSH-WPJ"
"998","2016-03-08","SJS","EDM","20160308-SJS-EDM"
"999","2016-03-09","NYI","TOR","20160309-NYI-TOR"
"1000","2016-03-09","CHI","STL","20160309-CHI-STL"
"1001","2016-03-09","NSH","CGY","20160309-NSH-CGY"
"1002","2016-03-09","ANA","COL","20160309-ANA-COL"
"1003","2016-03-09","ARI","VAN","20160309-ARI-VAN"
"1004","2016-03-09","WSH","LAK","20160309-WSH-LAK"
"1005","2016-03-10","CAR","BOS","20160310-CAR-BOS"
"1006","2016-03-10","BUF","MTL","20160310-BUF-MTL"
"1007","2016-03-10","WPJ","DET","20160310-WPJ-DET"
"1008","2016-03-10","OTT","FLO","20160310-OTT-FLO"
"1009","2016-03-10","EDM","MIN","20160310-EDM-MIN"
"1010","2016-03-10","NJD","SJS","20160310-NJD-SJS"
"1011","2016-03-11","PIT","CBJ","20160311-PIT-CBJ"
"1012","2016-03-11","PHI","TBL","20160311-PHI-TBL"
"1013","2016-03-11","ANA","STL","20160311-ANA-STL"
"1014","2016-03-11","CHI","DAL","20160311-CHI-DAL"
"1015","2016-03-11","ARI","CGY","20160311-ARI-CGY"
"1016","2016-03-12","NYI","BOS","20160312-NYI-BOS"
"1017","2016-03-12","CAR","BUF","20160312-CAR-BUF"
"1018","2016-03-12","NYR","DET","20160312-NYR-DET"
"1019","2016-03-12","MIN","MTL","20160312-MIN-MTL"
"1020","2016-03-12","TOR","OTT","20160312-TOR-OTT"
"1021","2016-03-12","PHI","FLO","20160312-PHI-FLO"
"1022","2016-03-12","COL","WPJ","20160312-COL-WPJ"
"1023","2016-03-12","STL","DAL","20160312-STL-DAL"
"1024","2016-03-12","ARI","EDM","20160312-ARI-EDM"
"1025","2016-03-12","NSH","VAN","20160312-NSH-VAN"
"1026","2016-03-12","NJD","LAK","20160312-NJD-LAK"
"1027","2016-03-12","WSH","SJS","20160312-WSH-SJS"
"1028","2016-03-13","PIT","NYR","20160313-PIT-NYR"
"1029","2016-03-13","TBL","CBJ","20160313-TBL-CBJ"
"1030","2016-03-13","TOR","DET","20160313-TOR-DET"
"1031","2016-03-14","FLO","NYI","20160314-FLO-NYI"
"1032","2016-03-14","LAK","CHI","20160314-LAK-CHI"
"1033","2016-03-14","STL","CGY","20160314-STL-CGY"
"1034","2016-03-14","NSH","EDM","20160314-NSH-EDM"
"1035","2016-03-14","WPJ","VAN","20160314-WPJ-VAN"
"1036","2016-03-14","NJD","ANA","20160314-NJD-ANA"
"1037","2016-03-15","NYI","PIT","20160315-NYI-PIT"
"1038","2016-03-15","CAR","WSH","20160315-CAR-WSH"
"1039","2016-03-15","DET","PHI","20160315-DET-PHI"
"1040","2016-03-15","TBL","TOR","20160315-TBL-TOR"
"1041","2016-03-15","FLO","MTL","20160315-FLO-MTL"
"1042","2016-03-15","MIN","OTT","20160315-MIN-OTT"
"1043","2016-03-15","LAK","DAL","20160315-LAK-DAL"
"1044","2016-03-15","BOS","SJS","20160315-BOS-SJS"
"1045","2016-03-16","MTL","BUF","20160316-MTL-BUF"
"1046","2016-03-16","PHI","CHI","20160316-PHI-CHI"
"1047","2016-03-16","STL","EDM","20160316-STL-EDM"
"1048","2016-03-16","COL","VAN","20160316-COL-VAN"
"1049","2016-03-16","WPJ","CGY","20160316-WPJ-CGY"
"1050","2016-03-16","NYR","ANA","20160316-NYR-ANA"
"1051","2016-03-17","MIN","NJD","20160317-MIN-NJD"
"1052","2016-03-17","CAR","PIT","20160317-CAR-PIT"
"1053","2016-03-17","DET","CBJ","20160317-DET-CBJ"
"1054","2016-03-17","FLO","TOR","20160317-FLO-TOR"
"1055","2016-03-17","NYI","NSH","20160317-NYI-NSH"
"1056","2016-03-17","TBL","DAL","20160317-TBL-DAL"
"1057","2016-03-17","SJS","ARI","20160317-SJS-ARI"
"1058","2016-03-17","NYR","LAK","20160317-NYR-LAK"
"1059","2016-03-18","OTT","BUF","20160318-OTT-BUF"
"1060","2016-03-18","NSH","WSH","20160318-NSH-WSH"
"1061","2016-03-18","CHI","WPJ","20160318-CHI-WPJ"
"1062","2016-03-18","COL","CGY","20160318-COL-CGY"
"1063","2016-03-18","VAN","EDM","20160318-VAN-EDM"
"1064","2016-03-18","BOS","ANA","20160318-BOS-ANA"
"1065","2016-03-19","PIT","PHI","20160319-PIT-PHI"
"1066","2016-03-19","CAR","MIN","20160319-CAR-MIN"
"1067","2016-03-19","NYR","SJS","20160319-NYR-SJS"
"1068","2016-03-19","BUF","TOR","20160319-BUF-TOR"
"1069","2016-03-19","MTL","OTT","20160319-MTL-OTT"
"1070","2016-03-19","DET","FLO","20160319-DET-FLO"
"1071","2016-03-19","NJD","CBJ","20160319-NJD-CBJ"
"1072","2016-03-19","NYI","DAL","20160319-NYI-DAL"
"1073","2016-03-19","STL","VAN","20160319-STL-VAN"
"1074","2016-03-19","TBL","ARI","20160319-TBL-ARI"
"1075","2016-03-19","BOS","LAK","20160319-BOS-LAK"
"1076","2016-03-20","ANA","WPJ","20160320-ANA-WPJ"
"1077","2016-03-20","CBJ","NJD","20160320-CBJ-NJD"
"1078","2016-03-20","WSH","PIT","20160320-WSH-PIT"
"1079","2016-03-20","CGY","MTL","20160320-CGY-MTL"
"1080","2016-03-20","MIN","CHI","20160320-MIN-CHI"
"1081","2016-03-20","COL","EDM","20160320-COL-EDM"
"1082","2016-03-20","ARI","SJS","20160320-ARI-SJS"
"1083","2016-03-21","FLO","NYR","20160321-FLO-NYR"
"1084","2016-03-21","PHI","NYI","20160321-PHI-NYI"
"1085","2016-03-21","CGY","TOR","20160321-CGY-TOR"
"1086","2016-03-21","LAK","NSH","20160321-LAK-NSH"
"1087","2016-03-22","BUF","CAR","20160322-BUF-CAR"
"1088","2016-03-22","PHI","CBJ","20160322-PHI-CBJ"
"1089","2016-03-22","ANA","MTL","20160322-ANA-MTL"
"1090","2016-03-22","WSH","OTT","20160322-WSH-OTT"
"1091","2016-03-22","DET","TBL","20160322-DET-TBL"
"1092","2016-03-22","VAN","WPJ","20160322-VAN-WPJ"
"1093","2016-03-22","LAK","MIN","20160322-LAK-MIN"
"1094","2016-03-22","DAL","CHI","20160322-DAL-CHI"
"1095","2016-03-22","EDM","ARI","20160322-EDM-ARI"
"1096","2016-03-22","STL","SJS","20160322-STL-SJS"
"1097","2016-03-23","OTT","NYI","20160323-OTT-NYI"
"1098","2016-03-23","BOS","NYR","20160323-BOS-NYR"
"1099","2016-03-24","FLO","BOS","20160324-FLO-BOS"
"1100","2016-03-24","NJD","PIT","20160324-NJD-PIT"
"1101","2016-03-24","CAR","CBJ","20160324-CAR-CBJ"
"1102","2016-03-24","ANA","TOR","20160324-ANA-TOR"
"1103","2016-03-24","MTL","DET","20160324-MTL-DET"
"1104","2016-03-24","VAN","NSH","20160324-VAN-NSH"
"1105","2016-03-24","CGY","MIN","20160324-CGY-MIN"
"1106","2016-03-24","LAK","WPJ","20160324-LAK-WPJ"
"1107","2016-03-24","PHI","COL","20160324-PHI-COL"
"1108","2016-03-24","DAL","ARI","20160324-DAL-ARI"
"1109","2016-03-24","EDM","SJS","20160324-EDM-SJS"
"1110","2016-03-25","WSH","NJD","20160325-WSH-NJD"
"1111","2016-03-25","NYI","TBL","20160325-NYI-TBL"
"1112","2016-03-25","VAN","STL","20160325-VAN-STL"
"1113","2016-03-26","WPJ","BUF","20160326-WPJ-BUF"
"1114","2016-03-26","PIT","DET","20160326-PIT-DET"
"1115","2016-03-26","MIN","COL","20160326-MIN-COL"
"1116","2016-03-26","DAL","SJS","20160326-DAL-SJS"
"1117","2016-03-26","BOS","TOR","20160326-BOS-TOR"
"1118","2016-03-26","NYR","MTL","20160326-NYR-MTL"
"1119","2016-03-26","FLO","TBL","20160326-FLO-TBL"
"1120","2016-03-26","STL","WSH","20160326-STL-WSH"
"1121","2016-03-26","NYI","CAR","20160326-NYI-CAR"
"1122","2016-03-26","ANA","OTT","20160326-ANA-OTT"
"1123","2016-03-26","CBJ","NSH","20160326-CBJ-NSH"
"1124","2016-03-26","CHI","CGY","20160326-CHI-CGY"
"1125","2016-03-26","PHI","ARI","20160326-PHI-ARI"
"1126","2016-03-26","EDM","LAK","20160326-EDM-LAK"
"1127","2016-03-27","NJD","CAR","20160327-NJD-CAR"
"1128","2016-03-27","PIT","NYR","20160327-PIT-NYR"
"1129","2016-03-27","CHI","VAN","20160327-CHI-VAN"
"1130","2016-03-28","WPJ","PHI","20160328-WPJ-PHI"
"1131","2016-03-28","CBJ","WSH","20160328-CBJ-WSH"
"1132","2016-03-28","BUF","DET","20160328-BUF-DET"
"1133","2016-03-28","TOR","TBL","20160328-TOR-TBL"
"1134","2016-03-28","COL","NSH","20160328-COL-NSH"
"1135","2016-03-28","ANA","EDM","20160328-ANA-EDM"
"1136","2016-03-28","CGY","ARI","20160328-CGY-ARI"
"1137","2016-03-28","LAK","SJS","20160328-LAK-SJS"
"1138","2016-03-29","BOS","NJD","20160329-BOS-NJD"
"1139","2016-03-29","CAR","NYI","20160329-CAR-NYI"
"1140","2016-03-29","BUF","PIT","20160329-BUF-PIT"
"1141","2016-03-29","DET","MTL","20160329-DET-MTL"
"1142","2016-03-29","TOR","FLO","20160329-TOR-FLO"
"1143","2016-03-29","CHI","MIN","20160329-CHI-MIN"
"1144","2016-03-29","COL","STL","20160329-COL-STL"
"1145","2016-03-29","NSH","DAL","20160329-NSH-DAL"
"1146","2016-03-29","SJS","VAN","20160329-SJS-VAN"
"1147","2016-03-30","OTT","WPJ","20160330-OTT-WPJ"
"1148","2016-03-30","WSH","PHI","20160330-WSH-PHI"
"1149","2016-03-30","CGY","ANA","20160330-CGY-ANA"
"1150","2016-03-31","TOR","BUF","20160331-TOR-BUF"
"1151","2016-03-31","CBJ","NYI","20160331-CBJ-NYI"
"1152","2016-03-31","NSH","PIT","20160331-NSH-PIT"
"1153","2016-03-31","NYR","CAR","20160331-NYR-CAR"
"1154","2016-03-31","MTL","TBL","20160331-MTL-TBL"
"1155","2016-03-31","NJD","FLO","20160331-NJD-FLO"
"1156","2016-03-31","OTT","MIN","20160331-OTT-MIN"
"1157","2016-03-31","ARI","DAL","20160331-ARI-DAL"
"1158","2016-03-31","CGY","LAK","20160331-CGY-LAK"
"1159","2016-03-31","VAN","SJS","20160331-VAN-SJS"
"1160","2016-04-01","MIN","DET","20160401-MIN-DET"
"1161","2016-04-01","BOS","STL","20160401-BOS-STL"
"1162","2016-04-01","CHI","WPJ","20160401-CHI-WPJ"
"1163","2016-04-01","WSH","COL","20160401-WSH-COL"
"1164","2016-04-01","VAN","ANA","20160401-VAN-ANA"
"1165","2016-04-02","PIT","NYI","20160402-PIT-NYI"
"1166","2016-04-02","OTT","PHI","20160402-OTT-PHI"
"1167","2016-04-02","DAL","LAK","20160402-DAL-LAK"
"1168","2016-04-02","DET","TOR","20160402-DET-TOR"
"1169","2016-04-02","NJD","TBL","20160402-NJD-TBL"
"1170","2016-04-02","MTL","FLO","20160402-MTL-FLO"
"1171","2016-04-02","BUF","NYR","20160402-BUF-NYR"
"1172","2016-04-02","CBJ","CAR","20160402-CBJ-CAR"
"1173","2016-04-02","SJS","NSH","20160402-SJS-NSH"
"1174","2016-04-02","CGY","EDM","20160402-CGY-EDM"
"1175","2016-04-02","WSH","ARI","20160402-WSH-ARI"
"1176","2016-04-03","BOS","CHI","20160403-BOS-CHI"
"1177","2016-04-03","PHI","PIT","20160403-PHI-PIT"
"1178","2016-04-03","MIN","WPJ","20160403-MIN-WPJ"
"1179","2016-04-03","STL","COL","20160403-STL-COL"
"1180","2016-04-03","DAL","ANA","20160403-DAL-ANA"
"1181","2016-04-04","TBL","NYI","20160404-TBL-NYI"
"1182","2016-04-04","NYR","CBJ","20160404-NYR-CBJ"
"1183","2016-04-04","FLO","TOR","20160404-FLO-TOR"
"1184","2016-04-04","ARI","STL","20160404-ARI-STL"
"1185","2016-04-04","LAK","VAN","20160404-LAK-VAN"
"1186","2016-04-05","CAR","BOS","20160405-CAR-BOS"
"1187","2016-04-05","BUF","NJD","20160405-BUF-NJD"
"1188","2016-04-05","TBL","NYR","20160405-TBL-NYR"
"1189","2016-04-05","NYI","WSH","20160405-NYI-WSH"
"1190","2016-04-05","FLO","MTL","20160405-FLO-MTL"
"1191","2016-04-05","PIT","OTT","20160405-PIT-OTT"
"1192","2016-04-05","COL","NSH","20160405-COL-NSH"
"1193","2016-04-05","SJS","MIN","20160405-SJS-MIN"
"1194","2016-04-05","ARI","CHI","20160405-ARI-CHI"
"1195","2016-04-05","LAK","CGY","20160405-LAK-CGY"
"1196","2016-04-05","WPJ","ANA","20160405-WPJ-ANA"
"1197","2016-04-06","CBJ","TOR","20160406-CBJ-TOR"
"1198","2016-04-06","PHI","DET","20160406-PHI-DET"
"1199","2016-04-06","VAN","EDM","20160406-VAN-EDM"
"1200","2016-04-07","DET","BOS","20160407-DET-BOS"
"1201","2016-04-07","TBL","NJD","20160407-TBL-NJD"
"1202","2016-04-07","NYI","NYR","20160407-NYI-NYR"
"1203","2016-04-07","TOR","PHI","20160407-TOR-PHI"
"1204","2016-04-07","PIT","WSH","20160407-PIT-WSH"
"1205","2016-04-07","MTL","CAR","20160407-MTL-CAR"
"1206","2016-04-07","FLO","OTT","20160407-FLO-OTT"
"1207","2016-04-07","ARI","NSH","20160407-ARI-NSH"
"1208","2016-04-07","STL","CHI","20160407-STL-CHI"
"1209","2016-04-07","COL","DAL","20160407-COL-DAL"
"1210","2016-04-07","VAN","CGY","20160407-VAN-CGY"
"1211","2016-04-07","ANA","LAK","20160407-ANA-LAK"
"1212","2016-04-07","WPJ","SJS","20160407-WPJ-SJS"
"1213","2016-04-08","CBJ","BUF","20160408-CBJ-BUF"
"1214","2016-04-09","OTT","BOS","20160409-OTT-BOS"
"1215","2016-04-09","DET","NYR","20160409-DET-NYR"
"1216","2016-04-09","PIT","PHI","20160409-PIT-PHI"
"1217","2016-04-09","ANA","COL","20160409-ANA-COL"
"1218","2016-04-09","TBL","MTL","20160409-TBL-MTL"
"1219","2016-04-09","CAR","FLO","20160409-CAR-FLO"
"1220","2016-04-09","TOR","NJD","20160409-TOR-NJD"
"1221","2016-04-09","CHI","CBJ","20160409-CHI-CBJ"
"1222","2016-04-09","CGY","MIN","20160409-CGY-MIN"
"1223","2016-04-09","BUF","NYI","20160409-BUF-NYI"
"1224","2016-04-09","WSH","STL","20160409-WSH-STL"
"1225","2016-04-09","NSH","DAL","20160409-NSH-DAL"
"1226","2016-04-09","EDM","VAN","20160409-EDM-VAN"
"1227","2016-04-09","WPJ","LAK","20160409-WPJ-LAK"
"1228","2016-04-09","ARI","SJS","20160409-ARI-SJS"
"1229","2016-04-10","PHI","NYI","20160410-PHI-NYI"
"1230","2016-04-10","ANA","WSH","20160410-ANA-WSH"
